id;country;cover_picture_url;facebook_link;instagram_link;twitter_link;website_link;zip_code;birthdate;gender;phone_number;two_factor_enabled;secret_code
1;Brunei;azure c leverage;grow Pizza;Provence-Alpes-Côte cutting-edge;Haute-Normandie RAM;Tuna;27048;2023-07-03;FEMELE;a User;true;calculate green secondary
2;Népal;De-engineered Granite;du;c du;d'Azur;Mouse;68493;2023-07-03;FEMELE;c schemas generate;false;Sports
3;Indonésie;dynamic Bedfordshire;envisioneer;Bangladesh quantify;Languedoc-Roussillon non-volatile;Ergonomic Lari;89670;2023-07-04;FEMELE;initiatives Midi-Pyrénées;true;convergence
4;Brésil;Metal a turquoise;Baby;Royale 5th;c wireless;Sénégal Incredible;36707;2023-07-03;MALE;Cambridgeshire;true;compressing proactive
5;Suisse;e-markets b SQL;Towels Franche-Comté;wireless Nord-Pas-de-Calais;driver Intelligent;Refined Fresh Tuna;36453;2023-07-04;MALE;feed;true;Concrete Aquitaine Account
6;Iran;a a;Chili;task-force;parallelism;invoice Intelligent;62968;2023-07-04;MALE;TCP Multi-tiered;true;ivory Baby
7;Indonésie;Savings Tasty d'Azur;initiative c;withdrawal Producteur;Expanded;user-facing Fantastic Refined;75830;2023-07-04;FEMELE;c;false;redefine
8;Seychelles;Franche-Comté;Seychelles;gold circuit;Rubber;d'Argenteuil;93085;2023-07-03;FEMELE;plum Rubber;false;Refined
9;Irlande;card Incredible;index HTTP;Buckinghamshire a;unleash;Maroc ivory;61675;2023-07-04;MALE;turn-key;false;Savings
10;Costa Rica;Refined base Palladium;Kong Automotive;EXE cross-platform evolve;payment;Stagiaire d'Orsel;18553;2023-07-03;MALE;e-business program c;false;JSON IB
